session_id,user_id,event_count,search_count,view_item_list_count,view_item_count,add_to_cart_count,begin_checkout_count,unique_product_count,unique_category_count,session_duration_minutes,has_search,has_view_item_list,has_view_item,has_add_to_cart,has_begin_checkout,is_purchase
s001,u109,6,1,1,1,1,1,1,1,12,1,1,1,1,1,1
s002,u256,4,0,1,2,0,0,2,1,9,0,1,1,0,0,0
s003,u280,1,0,0,0,0,0,0,0,0,0,0,0,0,0,0
s004,u149,2,0,0,1,0,0,1,0,5,0,0,1,0,0,0
s005,u125,2,0,1,0,0,0,0,1,3,0,1,0,0,0,0
s006,u014,5,1,0,3,0,0,3,0,15,1,0,1,0,0,0
s007,u240,8,1,1,2,2,1,2,1,16,1,1,1,1,1,0
s008,u285,11,0,1,4,4,1,4,1,26,0,1,1,1,1,1
s009,u123,12,0,1,5,4,1,5,1,24,0,1,1,1,1,1
s010,u066,2,0,1,0,0,0,0,1,1,0,1,0,0,0,0
s011,u136,2,0,1,0,0,0,0,1,3,0,1,0,0,0,0
s012,u111,4,0,0,2,1,0,2,0,10,0,0,1,1,0,0
s013,u160,6,0,1,2,1,1,2,1,11,0,1,1,1,1,1
s014,u155,4,0,0,1,1,1,1,0,11,0,0,1,1,1,0
s015,u020,10,0,0,4,4,1,4,0,22,0,0,1,1,1,1
s016,u017,6,1,1,2,1,0,2,1,7,1,1,1,1,0,0
s017,u003,5,1,0,3,0,0,3,0,10,1,0,1,0,0,0
s018,u113,10,1,1,3,3,1,3,1,20,1,1,1,1,1,1
s019,u154,8,1,1,3,1,1,3,1,18,1,1,1,1,1,1
s020,u051,6,1,1,2,1,0,2,1,13,1,1,1,1,0,0
s021,u058,11,1,1,4,3,1,4,1,22,1,1,1,1,1,1
s022,u176,5,0,1,2,1,0,2,1,7,0,1,1,1,0,0
s023,u137,9,1,1,3,2,1,3,1,18,1,1,1,1,1,1
s024,u241,7,0,0,3,2,1,3,0,21,0,0,1,1,1,0
s025,u251,8,1,0,3,3,0,3,0,20,1,0,1,1,0,0
s026,u079,2,0,1,0,0,0,0,1,1,0,1,0,0,0,0
s027,u112,4,0,0,1,1,1,1,0,11,0,0,1,1,1,1
s028,u055,2,1,0,0,0,0,0,0,3,1,0,0,0,0,0
s029,u180,1,0,0,0,0,0,0,0,0,0,0,0,0,0,0
s030,u158,7,0,0,4,1,1,4,0,15,0,0,1,1,1,1
s031,u277,5,0,0,2,2,0,2,0,13,0,0,1,1,0,0
s032,u173,6,1,0,2,1,1,2,0,14,1,0,1,1,1,1
s033,u289,9,1,0,3,3,1,3,0,22,1,0,1,1,1,1
s034,u144,3,0,0,1,1,0,1,0,6,0,0,1,1,0,0
s035,u258,6,0,0,2,2,1,2,0,12,0,0,1,1,1,0
s036,u254,6,1,0,2,2,0,2,0,11,1,0,1,1,0,0
s037,u262,1,0,0,0,0,0,0,0,0,0,0,0,0,0,0
s038,u039,2,1,0,0,0,0,0,0,1,1,0,0,0,0,0
s039,u274,7,0,1,2,2,1,2,1,14,0,1,1,1,1,0
s040,u253,6,1,0,2,2,0,2,0,14,1,0,1,1,0,0
s041,u275,5,1,1,1,1,0,1,1,8,1,1,1,1,0,0
s042,u289,8,1,1,2,2,1,2,1,17,1,1,1,1,1,0
s043,u134,5,1,0,3,0,0,3,0,10,1,0,1,0,0,0
s044,u263,12,0,1,5,4,1,5,1,28,0,1,1,1,1,1
s045,u130,6,0,1,3,1,0,3,1,11,0,1,1,1,0,0
s046,u015,8,0,1,4,1,1,4,1,19,0,1,1,1,1,1
s047,u060,1,0,0,0,0,0,0,0,0,0,0,0,0,0,0
s048,u208,6,1,1,2,1,0,2,1,16,1,1,1,1,0,0
s049,u006,9,1,1,4,1,1,4,1,15,1,1,1,1,1,1
s050,u256,6,0,1,2,1,1,2,1,15,0,1,1,1,1,1
s051,u267,4,0,0,3,0,0,3,0,9,0,0,1,0,0,0
s052,u280,2,1,0,0,0,0,0,0,2,1,0,0,0,0,0
s053,u077,4,1,1,1,0,0,1,1,8,1,1,1,0,0,0
s054,u096,5,0,1,2,1,0,2,1,9,0,1,1,1,0,0
s055,u256,2,0,1,0,0,0,0,1,3,0,1,0,0,0,0
s056,u239,3,1,1,0,0,0,0,1,2,1,1,0,0,0,0
s057,u135,6,0,1,2,1,1,2,1,12,0,1,1,1,1,1
s058,u243,8,1,1,2,2,1,2,1,15,1,1,1,1,1,1
s059,u105,8,1,0,3,2,1,3,0,14,1,0,1,1,1,1
s060,u296,6,1,1,3,0,0,3,1,17,1,1,1,0,0,0
s061,u091,5,1,0,3,0,0,3,0,11,1,0,1,0,0,0
s062,u025,5,1,0,2,1,0,2,0,11,1,0,1,1,0,0
s063,u232,5,0,1,3,0,0,3,1,8,0,1,1,0,0,0
s064,u179,3,1,1,0,0,0,0,1,3,1,1,0,0,0,0
s065,u206,4,0,0,1,1,1,1,0,9,0,0,1,1,1,1
s066,u157,12,1,1,4,4,1,4,1,28,1,1,1,1,1,1
s067,u191,8,0,1,3,2,1,3,1,25,0,1,1,1,1,0
s068,u146,5,1,0,3,0,0,3,0,11,1,0,1,0,0,0
s069,u011,3,0,0,2,0,0,2,0,7,0,0,1,0,0,0
s070,u209,9,0,0,4,3,1,4,0,20,0,0,1,1,1,1
s071,u008,3,0,0,1,1,0,1,0,3,0,0,1,1,0,0
s072,u047,2,0,0,1,0,0,1,0,4,0,0,1,0,0,0
s073,u029,4,0,1,2,0,0,2,1,5,0,1,1,0,0,0
s074,u152,3,0,0,1,1,0,1,0,8,0,0,1,1,0,0
s075,u095,8,1,1,2,2,1,2,1,17,1,1,1,1,1,1
s076,u154,4,1,1,1,0,0,1,1,9,1,1,1,0,0,0
s077,u260,6,1,1,1,1,1,1,1,12,1,1,1,1,1,1
s078,u200,1,0,0,0,0,0,0,0,0,0,0,0,0,0,0
s079,u198,9,0,1,4,2,1,4,1,20,0,1,1,1,1,1
s080,u021,3,0,1,1,0,0,1,1,4,0,1,1,0,0,0
s081,u141,9,1,1,3,3,0,3,1,19,1,1,1,1,0,0
s082,u256,6,0,0,3,2,0,3,0,15,0,0,1,1,0,0
s083,u224,3,0,0,1,1,0,1,0,8,0,0,1,1,0,0
s084,u181,4,0,0,1,1,1,1,0,9,0,0,1,1,1,0
s085,u250,2,0,1,0,0,0,0,1,1,0,1,0,0,0,0
s086,u120,7,0,1,2,2,1,2,1,16,0,1,1,1,1,0
s087,u081,11,1,1,4,3,1,4,1,26,1,1,1,1,1,1
s088,u238,7,0,1,3,1,1,3,1,10,0,1,1,1,1,1
s089,u292,5,1,0,3,0,0,3,0,16,1,0,1,0,0,0
s090,u017,10,0,1,4,3,1,4,1,18,0,1,1,1,1,1
s091,u228,3,0,0,2,0,0,2,0,3,0,0,1,0,0,0
s092,u090,1,0,0,0,0,0,0,0,0,0,0,0,0,0,0
s093,u252,5,1,0,3,0,0,3,0,6,1,0,1,0,0,0
s094,u017,5,1,1,2,0,0,2,1,13,1,1,1,0,0,0
s095,u097,6,0,1,2,1,1,2,1,15,0,1,1,1,1,1
s096,u273,4,1,1,1,0,0,1,1,6,1,1,1,0,0,0
s097,u044,7,1,0,3,1,1,3,0,20,1,0,1,1,1,0
s098,u218,1,0,0,0,0,0,0,0,0,0,0,0,0,0,0
s099,u091,2,0,0,1,0,0,1,0,4,0,0,1,0,0,0
s100,u281,5,0,1,3,0,0,3,1,11,0,1,1,0,0,0
s1000,u144,2,0,0,1,0,0,1,0,4,0,0,1,0,0,0
s101,u218,11,1,0,4,4,1,4,0,27,1,0,1,1,1,1
s102,u088,5,1,1,1,1,0,1,1,7,1,1,1,1,0,0
s103,u056,4,0,0,3,0,0,3,0,9,0,0,1,0,0,0
s104,u289,6,1,0,2,1,1,2,0,18,1,0,1,1,1,0
s105,u213,6,0,0,3,2,0,3,0,11,0,0,1,1,0,0
s106,u224,6,1,1,3,0,0,3,1,14,1,1,1,0,0,0
s107,u059,5,1,0,3,0,0,3,0,12,1,0,1,0,0,0
s108,u147,3,1,0,1,0,0,1,0,4,1,0,1,0,0,0
s109,u266,3,0,0,1,1,0,1,0,4,0,0,1,1,0,0
s110,u052,3,0,0,2,0,0,2,0,4,0,0,1,0,0,0
s111,u055,4,0,1,1,1,0,1,1,8,0,1,1,1,0,0
s112,u294,4,0,0,1,1,1,1,0,5,0,0,1,1,1,0
s113,u216,7,0,0,3,3,0,3,0,14,0,0,1,1,0,0
s114,u141,5,1,1,2,0,0,2,1,13,1,1,1,0,0,0
s115,u157,10,1,1,4,2,1,4,1,25,1,1,1,1,1,1
s116,u150,5,1,0,3,0,0,3,0,12,1,0,1,0,0,0
s117,u089,5,0,0,2,1,1,2,0,10,0,0,1,1,1,1
s118,u031,3,1,1,0,0,0,0,1,2,1,1,0,0,0,0
s119,u193,8,1,0,3,3,0,3,0,17,1,0,1,1,0,0
s120,u267,4,1,0,1,1,0,1,0,6,1,0,1,1,0,0
s121,u218,6,1,1,1,1,1,1,1,9,1,1,1,1,1,1
s122,u063,7,0,1,3,1,1,3,1,15,0,1,1,1,1,1
s123,u040,2,0,0,1,0,0,1,0,5,0,0,1,0,0,0
s124,u019,6,1,0,3,1,0,3,0,10,1,0,1,1,0,0
s125,u165,5,0,0,2,1,1,2,0,10,0,0,1,1,1,0
s126,u053,7,0,1,3,2,0,3,1,22,0,1,1,1,0,0
s127,u112,1,0,0,0,0,0,0,0,0,0,0,0,0,0,0
s128,u291,10,1,1,4,2,1,4,1,25,1,1,1,1,1,1
s129,u039,2,1,0,0,0,0,0,0,3,1,0,0,0,0,0
s130,u262,5,0,1,3,0,0,3,1,10,0,1,1,0,0,0
s131,u162,3,0,0,2,0,0,2,0,6,0,0,1,0,0,0
s132,u101,7,1,0,3,2,0,3,0,14,1,0,1,1,0,0
s133,u245,3,1,1,0,0,0,0,1,4,1,1,0,0,0,0
s134,u148,7,0,1,3,1,1,3,1,13,0,1,1,1,1,0
s135,u179,5,1,1,1,1,0,1,1,9,1,1,1,1,0,0
s136,u006,3,1,0,1,0,0,1,0,4,1,0,1,0,0,0
s137,u068,8,1,0,3,2,1,3,0,14,1,0,1,1,1,1
s138,u219,7,0,1,2,2,1,2,1,15,0,1,1,1,1,0
s139,u236,2,1,0,0,0,0,0,0,1,1,0,0,0,0,0
s140,u074,6,0,0,3,1,1,3,0,15,0,0,1,1,1,1
s141,u029,5,0,1,3,0,0,3,1,12,0,1,1,0,0,0
s142,u160,4,0,1,2,0,0,2,1,9,0,1,1,0,0,0
s143,u201,4,1,1,1,0,0,1,1,4,1,1,1,0,0,0
s144,u063,2,0,1,0,0,0,0,1,1,0,1,0,0,0,0
s145,u242,11,1,1,4,3,1,4,1,27,1,1,1,1,1,1
s146,u090,3,1,0,1,0,0,1,0,2,1,0,1,0,0,0
s147,u107,6,0,1,2,1,1,2,1,14,0,1,1,1,1,1
s148,u142,2,0,1,0,0,0,0,1,2,0,1,0,0,0,0
s149,u225,8,0,0,5,1,1,5,0,19,0,0,1,1,1,1
s150,u217,8,0,1,3,3,0,3,1,20,0,1,1,1,0,0
s151,u122,5,1,0,1,1,1,1,0,11,1,0,1,1,1,0
s152,u027,8,1,0,4,1,1,4,0,24,1,0,1,1,1,1
s153,u194,6,1,1,1,1,1,1,1,10,1,1,1,1,1,1
s154,u193,2,0,1,0,0,0,0,1,3,0,1,0,0,0,0
s155,u102,7,0,0,3,3,0,3,0,16,0,0,1,1,0,0
s156,u077,7,1,1,2,1,1,2,1,15,1,1,1,1,1,1
s157,u136,8,0,0,5,1,1,5,0,17,0,0,1,1,1,1
s158,u247,4,1,0,1,1,0,1,0,11,1,0,1,1,0,0
s159,u032,4,0,1,1,1,0,1,1,9,0,1,1,1,0,0
s160,u295,7,0,1,2,2,1,2,1,11,0,1,1,1,1,1
s161,u049,3,0,1,1,0,0,1,1,5,0,1,1,0,0,0
s162,u286,5,1,0,1,1,1,1,0,10,1,0,1,1,1,1
s163,u079,8,1,1,2,2,1,2,1,14,1,1,1,1,1,1
s164,u292,12,1,1,5,3,1,5,1,26,1,1,1,1,1,1
s165,u093,1,0,0,0,0,0,0,0,0,0,0,0,0,0,0
s166,u175,7,0,1,2,2,1,2,1,15,0,1,1,1,1,1
s167,u082,5,0,1,3,0,0,3,1,12,0,1,1,0,0,0
s168,u064,5,1,1,1,1,0,1,1,12,1,1,1,1,0,0
s169,u162,2,0,1,0,0,0,0,1,1,0,1,0,0,0,0
s170,u001,2,0,1,0,0,0,0,1,2,0,1,0,0,0,0
s171,u128,6,1,1,1,1,1,1,1,11,1,1,1,1,1,1
s172,u178,4,0,0,3,0,0,3,0,10,0,0,1,0,0,0
s173,u066,5,1,1,2,0,0,2,1,9,1,1,1,0,0,0
s174,u172,5,1,0,2,1,0,2,0,10,1,0,1,1,0,0
s175,u148,5,0,1,1,1,1,1,1,13,0,1,1,1,1,0
s176,u013,2,0,1,0,0,0,0,1,3,0,1,0,0,0,0
s177,u011,12,1,1,4,4,1,4,1,26,1,1,1,1,1,1
s178,u189,6,1,1,1,1,1,1,1,13,1,1,1,1,1,1
s179,u016,9,1,0,4,2,1,4,0,23,1,0,1,1,1,1
s180,u282,6,1,1,1,1,1,1,1,12,1,1,1,1,1,1
s181,u057,6,0,1,2,2,0,2,1,11,0,1,1,1,0,0
s182,u088,6,1,1,1,1,1,1,1,11,1,1,1,1,1,1
s183,u085,7,1,1,2,2,0,2,1,20,1,1,1,1,0,0
s184,u007,5,0,0,2,2,0,2,0,14,0,0,1,1,0,0
s185,u002,12,1,1,4,4,1,4,1,24,1,1,1,1,1,1
s186,u137,4,1,0,1,1,0,1,0,10,1,0,1,1,0,0
s187,u011,6,1,0,2,2,0,2,0,18,1,0,1,1,0,0
s188,u138,6,1,0,2,1,1,2,0,13,1,0,1,1,1,1
s189,u032,5,1,0,3,0,0,3,0,15,1,0,1,0,0,0
s190,u006,7,0,1,3,1,1,3,1,19,0,1,1,1,1,1
s191,u206,5,0,0,2,2,0,2,0,14,0,0,1,1,0,0
s192,u202,9,1,0,3,3,1,3,0,24,1,0,1,1,1,1
s193,u261,11,0,1,4,4,1,4,1,18,0,1,1,1,1,1
s194,u260,7,0,0,3,2,1,3,0,15,0,0,1,1,1,0
s195,u237,6,0,1,2,1,1,2,1,12,0,1,1,1,1,1
s196,u021,2,0,1,0,0,0,0,1,1,0,1,0,0,0,0
s197,u108,5,0,0,2,1,1,2,0,12,0,0,1,1,1,1
s198,u101,9,0,1,5,1,1,5,1,25,0,1,1,1,1,1
s199,u037,8,0,1,4,1,1,4,1,13,0,1,1,1,1,1
s200,u046,4,0,0,1,1,1,1,0,12,0,0,1,1,1,0
s201,u242,5,0,1,3,0,0,3,1,14,0,1,1,0,0,0
s202,u190,10,0,1,5,2,1,5,1,18,0,1,1,1,1,1
s203,u184,9,1,1,3,2,1,3,1,19,1,1,1,1,1,1
s204,u016,6,0,1,2,1,1,2,1,12,0,1,1,1,1,1
s205,u153,6,0,0,3,1,1,3,0,13,0,0,1,1,1,0
s206,u046,7,0,1,3,1,1,3,1,19,0,1,1,1,1,1
s207,u160,9,0,1,4,2,1,4,1,21,0,1,1,1,1,1
s208,u260,3,0,0,1,1,0,1,0,4,0,0,1,1,0,0
s209,u200,5,0,1,1,1,1,1,1,7,0,1,1,1,1,1
s210,u269,5,1,0,3,0,0,3,0,7,1,0,1,0,0,0
s211,u164,5,0,1,1,1,1,1,1,11,0,1,1,1,1,0
s212,u210,8,0,0,4,2,1,4,0,16,0,0,1,1,1,1
s213,u178,8,0,1,3,2,1,3,1,19,0,1,1,1,1,0
s214,u079,2,0,0,1,0,0,1,0,4,0,0,1,0,0,0
s215,u182,7,1,1,2,1,1,2,1,18,1,1,1,1,1,1
s216,u179,3,0,1,1,0,0,1,1,7,0,1,1,0,0,0
s217,u167,13,1,1,5,4,1,5,1,25,1,1,1,1,1,1
s218,u214,6,1,1,1,1,1,1,1,15,1,1,1,1,1,1
s219,u008,5,0,1,3,0,0,3,1,10,0,1,1,0,0,0
s220,u141,4,0,1,2,0,0,2,1,7,0,1,1,0,0,0
s221,u016,3,0,0,2,0,0,2,0,8,0,0,1,0,0,0
s222,u127,4,0,1,1,1,0,1,1,12,0,1,1,1,0,0
s223,u096,6,0,1,3,1,0,3,1,13,0,1,1,1,0,0
s224,u161,4,1,0,2,0,0,2,0,5,1,0,1,0,0,0
s225,u053,11,0,1,4,4,1,4,1,20,0,1,1,1,1,1
s226,u184,4,0,0,3,0,0,3,0,6,0,0,1,0,0,0
s227,u142,2,1,0,0,0,0,0,0,2,1,0,0,0,0,0
s228,u193,2,0,1,0,0,0,0,1,1,0,1,0,0,0,0
s229,u143,6,0,1,2,2,0,2,1,16,0,1,1,1,0,0
s230,u247,2,0,0,1,0,0,1,0,5,0,0,1,0,0,0
s231,u144,3,0,0,1,1,0,1,0,7,0,0,1,1,0,0
s232,u054,3,0,0,2,0,0,2,0,7,0,0,1,0,0,0
s233,u186,6,0,1,3,1,0,3,1,14,0,1,1,1,0,0
s234,u063,11,1,0,5,3,1,5,0,22,1,0,1,1,1,1
s235,u208,3,0,1,1,0,0,1,1,2,0,1,1,0,0,0
s236,u256,9,0,1,3,3,1,3,1,21,0,1,1,1,1,1
s237,u160,3,0,0,1,1,0,1,0,2,0,0,1,1,0,0
s238,u232,6,1,1,3,0,0,3,1,13,1,1,1,0,0,0
s239,u134,3,0,0,2,0,0,2,0,4,0,0,1,0,0,0
s240,u048,3,1,1,0,0,0,0,1,3,1,1,0,0,0,0
s241,u174,3,0,1,1,0,0,1,1,4,0,1,1,0,0,0
s242,u300,2,0,0,1,0,0,1,0,5,0,0,1,0,0,0
s243,u094,10,0,1,5,2,1,5,1,22,0,1,1,1,1,1
s244,u047,4,1,1,1,0,0,1,1,8,1,1,1,0,0,0
s245,u197,4,0,0,2,1,0,2,0,8,0,0,1,1,0,0
s246,u053,7,1,0,3,2,0,3,0,16,1,0,1,1,0,0
s247,u292,1,0,0,0,0,0,0,0,0,0,0,0,0,0,0
s248,u248,4,0,1,2,0,0,2,1,8,0,1,1,0,0,0
s249,u246,2,1,0,0,0,0,0,0,2,1,0,0,0,0,0
s250,u228,5,1,1,2,0,0,2,1,8,1,1,1,0,0,0
s251,u256,11,0,1,5,3,1,5,1,30,0,1,1,1,1,1
s252,u209,4,1,1,1,0,0,1,1,8,1,1,1,0,0,0
s253,u254,2,0,0,1,0,0,1,0,3,0,0,1,0,0,0
s254,u042,10,0,0,5,3,1,5,0,27,0,0,1,1,1,1
s255,u079,7,0,0,3,3,0,3,0,17,0,0,1,1,0,0
s256,u266,7,1,1,2,2,0,2,1,13,1,1,1,1,0,0
s257,u088,4,0,0,2,1,0,2,0,8,0,0,1,1,0,0
s258,u152,6,0,1,2,2,0,2,1,12,0,1,1,1,0,0
s259,u011,7,1,1,2,2,0,2,1,14,1,1,1,1,0,0
s260,u045,3,0,1,1,0,0,1,1,4,0,1,1,0,0,0
s261,u164,3,1,0,1,0,0,1,0,5,1,0,1,0,0,0
s262,u294,10,1,1,3,3,1,3,1,28,1,1,1,1,1,1
s263,u276,9,1,0,3,3,1,3,0,20,1,0,1,1,1,1
s264,u188,6,0,1,2,2,0,2,1,12,0,1,1,1,0,0
s265,u048,2,0,1,0,0,0,0,1,1,0,1,0,0,0,0
s266,u061,6,1,1,3,0,0,3,1,9,1,1,1,0,0,0
s267,u286,2,0,1,0,0,0,0,1,2,0,1,0,0,0,0
s268,u194,2,0,1,0,0,0,0,1,2,0,1,0,0,0,0
s269,u253,9,0,1,4,2,1,4,1,15,0,1,1,1,1,1
s270,u226,3,0,0,2,0,0,2,0,6,0,0,1,0,0,0
s271,u223,4,0,0,2,1,0,2,0,13,0,0,1,1,0,0
s272,u098,4,0,1,2,0,0,2,1,8,0,1,1,0,0,0
s273,u049,6,0,0,3,1,1,3,0,8,0,0,1,1,1,1
s274,u231,9,1,1,4,1,1,4,1,19,1,1,1,1,1,1
s275,u113,6,1,1,1,1,1,1,1,15,1,1,1,1,1,1
s276,u221,12,1,1,5,3,1,5,1,23,1,1,1,1,1,1
s277,u183,6,1,1,1,1,1,1,1,13,1,1,1,1,1,1
s278,u206,3,0,0,1,1,0,1,0,5,0,0,1,1,0,0
s279,u245,4,0,0,3,0,0,3,0,14,0,0,1,0,0,0
s280,u055,7,1,1,2,1,1,2,1,17,1,1,1,1,1,1
s281,u099,4,1,1,1,0,0,1,1,7,1,1,1,0,0,0
s282,u119,5,0,1,1,1,1,1,1,11,0,1,1,1,1,1
s283,u028,5,1,1,2,0,0,2,1,14,1,1,1,0,0,0
s284,u246,3,1,1,0,0,0,0,1,2,1,1,0,0,0,0
s285,u184,3,0,0,1,1,0,1,0,7,0,0,1,1,0,0
s286,u049,3,1,0,1,0,0,1,0,7,1,0,1,0,0,0
s287,u248,3,0,0,1,1,0,1,0,4,0,0,1,1,0,0
s288,u093,7,1,0,3,1,1,3,0,18,1,0,1,1,1,0
s289,u070,4,0,0,3,0,0,3,0,9,0,0,1,0,0,0
s290,u131,12,1,1,5,3,1,5,1,29,1,1,1,1,1,1
s291,u238,3,0,0,2,0,0,2,0,5,0,0,1,0,0,0
s292,u286,5,0,0,2,1,1,2,0,13,0,0,1,1,1,0
s293,u190,3,0,0,1,1,0,1,0,6,0,0,1,1,0,0
s294,u044,10,1,0,5,2,1,5,0,21,1,0,1,1,1,1
s295,u008,3,0,1,1,0,0,1,1,5,0,1,1,0,0,0
s296,u071,3,0,0,2,0,0,2,0,7,0,0,1,0,0,0
s297,u192,2,1,0,0,0,0,0,0,2,1,0,0,0,0,0
s298,u062,7,1,1,3,1,0,3,1,18,1,1,1,1,0,0
s299,u173,8,0,1,3,2,1,3,1,21,0,1,1,1,1,1
s300,u005,10,0,1,4,3,1,4,1,26,0,1,1,1,1,1
s301,u094,2,0,0,1,0,0,1,0,3,0,0,1,0,0,0
s302,u112,6,1,1,1,1,1,1,1,12,1,1,1,1,1,1
s303,u182,7,0,1,2,2,1,2,1,14,0,1,1,1,1,1
s304,u171,5,0,1,3,0,0,3,1,15,0,1,1,0,0,0
s305,u138,13,1,1,5,4,1,5,1,29,1,1,1,1,1,1
s306,u279,3,0,0,2,0,0,2,0,4,0,0,1,0,0,0
s307,u002,3,1,0,1,0,0,1,0,3,1,0,1,0,0,0
s308,u276,10,1,1,4,2,1,4,1,21,1,1,1,1,1,1
s309,u242,4,0,1,1,1,0,1,1,8,0,1,1,1,0,0
s310,u196,6,0,1,2,1,1,2,1,12,0,1,1,1,1,1
s311,u162,5,0,1,1,1,1,1,1,8,0,1,1,1,1,0
s312,u008,3,0,0,2,0,0,2,0,7,0,0,1,0,0,0
s313,u139,8,0,1,3,2,1,3,1,20,0,1,1,1,1,0
s314,u105,5,0,1,1,1,1,1,1,9,0,1,1,1,1,1
s315,u128,4,0,1,2,0,0,2,1,6,0,1,1,0,0,0
s316,u218,4,0,1,2,0,0,2,1,10,0,1,1,0,0,0
s317,u089,5,0,1,3,0,0,3,1,11,0,1,1,0,0,0
s318,u035,9,1,1,3,2,1,3,1,20,1,1,1,1,1,1
s319,u082,4,0,1,2,0,0,2,1,9,0,1,1,0,0,0
s320,u199,2,0,1,0,0,0,0,1,3,0,1,0,0,0,0
s321,u110,12,1,1,5,3,1,5,1,23,1,1,1,1,1,1
s322,u097,6,0,1,2,2,0,2,1,14,0,1,1,1,0,0
s323,u217,3,0,0,2,0,0,2,0,4,0,0,1,0,0,0
s324,u283,4,0,0,2,1,0,2,0,8,0,0,1,1,0,0
s325,u113,5,1,1,2,0,0,2,1,10,1,1,1,0,0,0
s326,u084,4,1,0,2,0,0,2,0,5,1,0,1,0,0,0
s327,u176,10,0,1,4,3,1,4,1,18,0,1,1,1,1,1
s328,u050,8,1,1,2,2,1,2,1,15,1,1,1,1,1,1
s329,u088,8,1,1,2,2,1,2,1,20,1,1,1,1,1,0
s330,u235,6,0,1,2,1,1,2,1,9,0,1,1,1,1,1
s331,u055,9,0,1,3,3,1,3,1,24,0,1,1,1,1,0
s332,u151,2,0,1,0,0,0,0,1,2,0,1,0,0,0,0
s333,u194,3,0,0,2,0,0,2,0,3,0,0,1,0,0,0
s334,u110,4,1,1,1,0,0,1,1,6,1,1,1,0,0,0
s335,u071,5,1,1,1,1,0,1,1,10,1,1,1,1,0,0
s336,u171,1,0,0,0,0,0,0,0,0,0,0,0,0,0,0
s337,u036,5,0,1,3,0,0,3,1,11,0,1,1,0,0,0
s338,u055,3,0,0,2,0,0,2,0,6,0,0,1,0,0,0
s339,u126,5,1,1,2,0,0,2,1,11,1,1,1,0,0,0
s340,u183,8,0,1,3,2,1,3,1,19,0,1,1,1,1,1
s341,u009,9,0,1,5,1,1,5,1,17,0,1,1,1,1,1
s342,u058,8,1,1,3,1,1,3,1,17,1,1,1,1,1,1
s343,u212,3,0,1,1,0,0,1,1,5,0,1,1,0,0,0
s344,u018,5,1,1,1,1,0,1,1,6,1,1,1,1,0,0
s345,u168,4,0,0,2,1,0,2,0,7,0,0,1,1,0,0
s346,u128,7,1,0,3,2,0,3,0,18,1,0,1,1,0,0
s347,u125,7,0,1,2,2,1,2,1,13,0,1,1,1,1,0
s348,u210,6,1,1,3,0,0,3,1,14,1,1,1,0,0,0
s349,u163,6,1,1,1,1,1,1,1,13,1,1,1,1,1,1
s350,u190,5,0,1,3,0,0,3,1,10,0,1,1,0,0,0
s351,u234,6,0,1,3,1,0,3,1,12,0,1,1,1,0,0
s352,u219,5,0,1,1,1,1,1,1,11,0,1,1,1,1,0
s353,u147,5,1,0,2,1,0,2,0,8,1,0,1,1,0,0
s354,u182,5,0,0,2,2,0,2,0,8,0,0,1,1,0,0
s355,u246,4,0,0,2,1,0,2,0,8,0,0,1,1,0,0
s356,u227,5,1,0,1,1,1,1,0,7,1,0,1,1,1,1
s357,u172,2,0,1,0,0,0,0,1,3,0,1,0,0,0,0
s358,u227,6,0,1,2,2,0,2,1,15,0,1,1,1,0,0
s359,u076,8,0,1,3,2,1,3,1,15,0,1,1,1,1,1
s360,u255,5,0,1,3,0,0,3,1,14,0,1,1,0,0,0
s361,u279,5,1,0,3,0,0,3,0,12,1,0,1,0,0,0
s362,u284,5,1,0,2,1,0,2,0,13,1,0,1,1,0,0
s363,u123,6,0,1,3,1,0,3,1,8,0,1,1,1,0,0
s364,u231,1,0,0,0,0,0,0,0,0,0,0,0,0,0,0
s365,u114,4,0,0,1,1,1,1,0,9,0,0,1,1,1,1
s366,u143,11,1,1,5,2,1,5,1,27,1,1,1,1,1,1
s367,u202,5,0,1,2,1,0,2,1,10,0,1,1,1,0,0
s368,u196,8,0,1,3,2,1,3,1,12,0,1,1,1,1,1
s369,u149,6,1,1,1,1,1,1,1,10,1,1,1,1,1,1
s370,u005,11,1,1,4,3,1,4,1,23,1,1,1,1,1,1
s371,u150,13,1,1,5,4,1,5,1,27,1,1,1,1,1,1
s372,u136,3,0,1,1,0,0,1,1,6,0,1,1,0,0,0
s373,u093,9,0,1,3,3,1,3,1,22,0,1,1,1,1,1
s374,u282,2,1,0,0,0,0,0,0,3,1,0,0,0,0,0
s375,u205,6,0,1,2,2,0,2,1,10,0,1,1,1,0,0
s376,u266,10,0,1,4,3,1,4,1,26,0,1,1,1,1,1
s377,u196,1,0,0,0,0,0,0,0,0,0,0,0,0,0,0
s378,u086,9,0,1,3,3,1,3,1,15,0,1,1,1,1,1
s379,u117,12,1,0,5,4,1,5,0,24,1,0,1,1,1,1
s380,u005,4,0,0,3,0,0,3,0,9,0,0,1,0,0,0
s381,u034,3,1,1,0,0,0,0,1,2,1,1,0,0,0,0
s382,u233,3,0,0,2,0,0,2,0,2,0,0,1,0,0,0
s383,u078,3,1,1,0,0,0,0,1,3,1,1,0,0,0,0
s384,u157,5,0,1,2,1,0,2,1,12,0,1,1,1,0,0
s385,u099,5,1,0,3,0,0,3,0,13,1,0,1,0,0,0
s386,u266,2,1,0,0,0,0,0,0,1,1,0,0,0,0,0
s387,u142,5,1,0,2,1,0,2,0,10,1,0,1,1,0,0
s388,u232,5,0,0,2,1,1,2,0,12,0,0,1,1,1,1
s389,u279,8,1,0,3,2,1,3,0,22,1,0,1,1,1,0
s390,u273,9,0,1,3,3,1,3,1,30,0,1,1,1,1,0
s391,u265,5,1,1,1,1,0,1,1,7,1,1,1,1,0,0
s392,u156,2,0,1,0,0,0,0,1,3,0,1,0,0,0,0
s393,u186,5,1,0,2,1,0,2,0,13,1,0,1,1,0,0
s394,u129,7,0,0,3,3,0,3,0,17,0,0,1,1,0,0
s395,u237,2,0,1,0,0,0,0,1,3,0,1,0,0,0,0
s396,u150,2,0,1,0,0,0,0,1,3,0,1,0,0,0,0
s397,u132,4,1,0,2,0,0,2,0,7,1,0,1,0,0,0
s398,u261,6,0,1,3,1,0,3,1,10,0,1,1,1,0,0
s399,u064,6,0,1,2,1,1,2,1,14,0,1,1,1,1,1
s400,u085,8,0,0,3,3,1,3,0,22,0,0,1,1,1,0
s401,u033,3,0,0,2,0,0,2,0,5,0,0,1,0,0,0
s402,u077,5,1,0,3,0,0,3,0,11,1,0,1,0,0,0
s403,u174,1,0,0,0,0,0,0,0,0,0,0,0,0,0,0
s404,u171,2,0,1,0,0,0,0,1,1,0,1,0,0,0,0
s405,u040,4,0,0,1,1,1,1,0,10,0,0,1,1,1,0
s406,u074,7,1,0,2,2,1,2,0,14,1,0,1,1,1,1
s407,u269,6,0,1,3,1,0,3,1,12,0,1,1,1,0,0
s408,u167,1,0,0,0,0,0,0,0,0,0,0,0,0,0,0
s409,u001,12,0,1,5,4,1,5,1,22,0,1,1,1,1,1
s410,u276,7,1,1,2,2,0,2,1,10,1,1,1,1,0,0
s411,u053,5,1,0,1,1,1,1,0,8,1,0,1,1,1,1
s412,u278,11,0,1,4,4,1,4,1,26,0,1,1,1,1,1
s413,u106,5,1,0,1,1,1,1,0,7,1,0,1,1,1,0
s414,u183,10,1,0,5,2,1,5,0,22,1,0,1,1,1,1
s415,u273,1,0,0,0,0,0,0,0,0,0,0,0,0,0,0
s416,u077,4,0,1,1,1,0,1,1,9,0,1,1,1,0,0
s417,u038,2,1,0,0,0,0,0,0,3,1,0,0,0,0,0
s418,u189,9,1,1,3,2,1,3,1,15,1,1,1,1,1,0
s419,u210,5,1,1,2,0,0,2,1,9,1,1,1,0,0,0
s420,u017,5,0,1,3,0,0,3,1,8,0,1,1,0,0,0
s421,u198,4,0,0,3,0,0,3,0,9,0,0,1,0,0,0
s422,u084,2,0,1,0,0,0,0,1,2,0,1,0,0,0,0
s423,u037,10,1,1,3,3,1,3,1,23,1,1,1,1,1,1
s424,u088,6,0,1,3,1,0,3,1,17,0,1,1,1,0,0
s425,u013,8,1,1,3,2,0,3,1,15,1,1,1,1,0,0
s426,u238,5,0,1,2,1,0,2,1,10,0,1,1,1,0,0
s427,u125,3,1,0,1,0,0,1,0,6,1,0,1,0,0,0
s428,u192,6,1,0,3,1,0,3,0,10,1,0,1,1,0,0
s429,u014,3,1,1,0,0,0,0,1,2,1,1,0,0,0,0
s430,u096,6,1,0,3,1,0,3,0,12,1,0,1,1,0,0
s431,u197,2,0,0,1,0,0,1,0,5,0,0,1,0,0,0
s432,u084,9,1,1,3,2,1,3,1,14,1,1,1,1,1,1
s433,u135,9,1,0,5,1,1,5,0,24,1,0,1,1,1,1
s434,u242,5,0,1,3,0,0,3,1,11,0,1,1,0,0,0
s435,u056,12,1,1,4,4,1,4,1,24,1,1,1,1,1,1
s436,u137,3,1,0,1,0,0,1,0,6,1,0,1,0,0,0
s437,u211,9,1,1,3,3,0,3,1,17,1,1,1,1,0,0
s438,u245,10,1,1,4,2,1,4,1,24,1,1,1,1,1,1
s439,u280,3,1,1,0,0,0,0,1,5,1,1,0,0,0,0
s440,u142,5,0,1,1,1,1,1,1,7,0,1,1,1,1,0
s441,u245,3,0,0,1,1,0,1,0,3,0,0,1,1,0,0
s442,u201,8,0,1,4,1,1,4,1,23,0,1,1,1,1,1
s443,u135,6,0,1,3,1,0,3,1,16,0,1,1,1,0,0
s444,u277,2,0,0,1,0,0,1,0,1,0,0,1,0,0,0
s445,u002,10,1,0,5,2,1,5,0,21,1,0,1,1,1,1
s446,u153,11,0,1,5,3,1,5,1,22,0,1,1,1,1,1
s447,u069,11,1,0,4,4,1,4,0,21,1,0,1,1,1,1
s448,u209,3,1,1,0,0,0,0,1,3,1,1,0,0,0,0
s449,u106,5,0,1,1,1,1,1,1,10,0,1,1,1,1,1
s450,u175,3,1,1,0,0,0,0,1,2,1,1,0,0,0,0
s451,u213,5,0,1,3,0,0,3,1,8,0,1,1,0,0,0
s452,u286,5,1,0,1,1,1,1,0,16,1,0,1,1,1,0
s453,u018,4,0,1,2,0,0,2,1,9,0,1,1,0,0,0
s454,u198,7,1,0,2,2,1,2,0,19,1,0,1,1,1,0
s455,u235,5,1,1,1,1,0,1,1,9,1,1,1,1,0,0
s456,u095,3,0,0,2,0,0,2,0,7,0,0,1,0,0,0
s457,u082,12,1,1,5,3,1,5,1,24,1,1,1,1,1,1
s458,u208,10,0,1,4,3,1,4,1,22,0,1,1,1,1,1
s459,u221,6,0,0,3,2,0,3,0,16,0,0,1,1,0,0
s460,u143,7,0,0,3,3,0,3,0,19,0,0,1,1,0,0
s461,u218,6,1,1,1,1,1,1,1,12,1,1,1,1,1,0
s462,u162,10,1,1,3,3,1,3,1,22,1,1,1,1,1,1
s463,u064,4,0,0,3,0,0,3,0,4,0,0,1,0,0,0
s464,u145,2,0,1,0,0,0,0,1,2,0,1,0,0,0,0
s465,u098,9,1,1,3,2,1,3,1,26,1,1,1,1,1,0
s466,u231,8,0,0,3,3,1,3,0,18,0,0,1,1,1,1
s467,u023,4,0,0,3,0,0,3,0,10,0,0,1,0,0,0
s468,u070,3,1,0,1,0,0,1,0,6,1,0,1,0,0,0
s469,u212,7,1,1,2,1,1,2,1,11,1,1,1,1,1,1
s470,u068,8,1,1,3,1,1,3,1,15,1,1,1,1,1,1
s471,u018,8,0,1,3,3,0,3,1,15,0,1,1,1,0,0
s472,u014,3,1,1,0,0,0,0,1,6,1,1,0,0,0,0
s473,u270,3,0,0,2,0,0,2,0,4,0,0,1,0,0,0
s474,u216,7,1,0,3,2,0,3,0,12,1,0,1,1,0,0
s475,u230,8,1,1,3,1,1,3,1,21,1,1,1,1,1,0
s476,u207,5,0,1,3,0,0,3,1,10,0,1,1,0,0,0
s477,u170,4,0,1,2,0,0,2,1,8,0,1,1,0,0,0
s478,u248,5,0,1,3,0,0,3,1,14,0,1,1,0,0,0
s479,u012,3,0,0,1,1,0,1,0,3,0,0,1,1,0,0
s480,u287,5,1,0,1,1,1,1,0,12,1,0,1,1,1,0
s481,u171,8,0,0,3,3,1,3,0,21,0,0,1,1,1,1
s482,u062,6,0,1,2,1,1,2,1,13,0,1,1,1,1,1
s483,u225,6,1,1,1,1,1,1,1,14,1,1,1,1,1,0
s484,u019,2,0,1,0,0,0,0,1,3,0,1,0,0,0,0
s485,u203,5,1,1,2,0,0,2,1,11,1,1,1,0,0,0
s486,u080,6,1,1,1,1,1,1,1,14,1,1,1,1,1,1
s487,u266,5,0,0,3,1,0,3,0,12,0,0,1,1,0,0
s488,u052,10,1,1,5,1,1,5,1,25,1,1,1,1,1,1
s489,u125,5,0,0,3,1,0,3,0,12,0,0,1,1,0,0
s490,u059,3,0,0,1,1,0,1,0,8,0,0,1,1,0,0
s491,u266,9,0,1,3,3,1,3,1,16,0,1,1,1,1,1
s492,u201,5,0,1,3,0,0,3,1,14,0,1,1,0,0,0
s493,u254,12,1,1,5,3,1,5,1,27,1,1,1,1,1,1
s494,u047,6,1,0,2,1,1,2,0,20,1,0,1,1,1,0
s495,u233,5,0,0,3,1,0,3,0,16,0,0,1,1,0,0
s496,u034,4,0,0,3,0,0,3,0,12,0,0,1,0,0,0
s497,u241,2,1,0,0,0,0,0,0,2,1,0,0,0,0,0
s498,u185,3,0,1,1,0,0,1,1,4,0,1,1,0,0,0
s499,u084,4,1,1,1,0,0,1,1,9,1,1,1,0,0,0
s500,u264,2,1,0,0,0,0,0,0,1,1,0,0,0,0,0
s501,u287,3,0,0,1,1,0,1,0,8,0,0,1,1,0,0
s502,u175,4,0,1,2,0,0,2,1,11,0,1,1,0,0,0
s503,u173,12,1,1,4,4,1,4,1,25,1,1,1,1,1,1
s504,u071,4,0,1,1,1,0,1,1,7,0,1,1,1,0,0
s505,u202,4,0,1,2,0,0,2,1,10,0,1,1,0,0,0
s506,u171,7,1,0,3,2,0,3,0,14,1,0,1,1,0,0
s507,u223,6,0,1,3,1,0,3,1,14,0,1,1,1,0,0
s508,u144,7,0,0,3,2,1,3,0,15,0,0,1,1,1,1
s509,u158,3,0,1,1,0,0,1,1,8,0,1,1,0,0,0
s510,u104,2,0,1,0,0,0,0,1,3,0,1,0,0,0,0
s511,u203,13,1,1,5,4,1,5,1,27,1,1,1,1,1,1
s512,u024,9,1,1,3,3,0,3,1,24,1,1,1,1,0,0
s513,u229,5,1,1,1,1,0,1,1,9,1,1,1,1,0,0
s514,u032,7,0,1,3,2,0,3,1,17,0,1,1,1,0,0
s515,u180,3,1,1,0,0,0,0,1,3,1,1,0,0,0,0
s516,u281,10,1,1,5,1,1,5,1,18,1,1,1,1,1,1
s517,u025,9,0,1,4,2,1,4,1,18,0,1,1,1,1,1
s518,u070,2,0,1,0,0,0,0,1,2,0,1,0,0,0,0
s519,u200,7,0,0,3,3,0,3,0,18,0,0,1,1,0,0
s520,u186,2,0,1,0,0,0,0,1,1,0,1,0,0,0,0
s521,u124,2,0,1,0,0,0,0,1,2,0,1,0,0,0,0
s522,u069,7,0,1,3,1,1,3,1,22,0,1,1,1,1,0
s523,u099,4,0,1,1,1,0,1,1,8,0,1,1,1,0,0
s524,u127,3,0,0,2,0,0,2,0,6,0,0,1,0,0,0
s525,u102,12,1,0,5,4,1,5,0,27,1,0,1,1,1,1
s526,u208,8,0,0,5,1,1,5,0,16,0,0,1,1,1,1
s527,u029,5,0,1,3,0,0,3,1,11,0,1,1,0,0,0
s528,u295,10,1,1,3,3,1,3,1,23,1,1,1,1,1,1
s529,u215,6,1,1,1,1,1,1,1,12,1,1,1,1,1,1
s530,u280,4,0,0,2,1,0,2,0,4,0,0,1,1,0,0
s531,u080,5,0,1,2,1,0,2,1,13,0,1,1,1,0,0
s532,u032,5,1,0,2,1,0,2,0,10,1,0,1,1,0,0
s533,u295,8,1,1,3,1,1,3,1,14,1,1,1,1,1,1
s534,u263,2,1,0,0,0,0,0,0,3,1,0,0,0,0,0
s535,u276,7,1,0,3,1,1,3,0,13,1,0,1,1,1,1
s536,u058,6,0,1,2,2,0,2,1,15,0,1,1,1,0,0
s537,u034,2,1,0,0,0,0,0,0,1,1,0,0,0,0,0
s538,u259,1,0,0,0,0,0,0,0,0,0,0,0,0,0,0
s539,u106,5,0,1,3,0,0,3,1,8,0,1,1,0,0,0
s540,u175,2,0,0,1,0,0,1,0,3,0,0,1,0,0,0
s541,u045,5,0,0,3,1,0,3,0,8,0,0,1,1,0,0
s542,u100,5,0,1,3,0,0,3,1,9,0,1,1,0,0,0
s543,u290,7,0,1,3,1,1,3,1,19,0,1,1,1,1,0
s544,u064,4,1,0,2,0,0,2,0,9,1,0,1,0,0,0
s545,u056,5,1,0,1,1,1,1,0,11,1,0,1,1,1,0
s546,u113,5,0,1,3,0,0,3,1,16,0,1,1,0,0,0
s547,u296,3,1,1,0,0,0,0,1,3,1,1,0,0,0,0
s548,u005,3,1,1,0,0,0,0,1,3,1,1,0,0,0,0
s549,u152,5,0,0,3,1,0,3,0,8,0,0,1,1,0,0
s550,u279,6,0,1,3,1,0,3,1,10,0,1,1,1,0,0
s551,u255,5,1,1,2,0,0,2,1,7,1,1,1,0,0,0
s552,u266,5,0,1,1,1,1,1,1,10,0,1,1,1,1,1
s553,u142,4,1,0,2,0,0,2,0,8,1,0,1,0,0,0
s554,u122,10,1,1,3,3,1,3,1,22,1,1,1,1,1,1
s555,u235,4,1,0,1,1,0,1,0,9,1,0,1,1,0,0
s556,u276,2,0,1,0,0,0,0,1,2,0,1,0,0,0,0
s557,u254,8,0,1,3,2,1,3,1,21,0,1,1,1,1,0
s558,u116,2,0,1,0,0,0,0,1,1,0,1,0,0,0,0
s559,u124,7,1,1,2,1,1,2,1,16,1,1,1,1,1,1
s560,u235,2,0,1,0,0,0,0,1,1,0,1,0,0,0,0
s561,u274,6,1,1,3,0,0,3,1,14,1,1,1,0,0,0
s562,u086,4,0,1,1,1,0,1,1,7,0,1,1,1,0,0
s563,u300,9,1,1,4,1,1,4,1,16,1,1,1,1,1,1
s564,u160,4,0,1,2,0,0,2,1,10,0,1,1,0,0,0
s565,u026,5,1,1,1,1,0,1,1,12,1,1,1,1,0,0
s566,u224,3,0,0,2,0,0,2,0,8,0,0,1,0,0,0
s567,u108,2,0,1,0,0,0,0,1,3,0,1,0,0,0,0
s568,u218,5,0,1,1,1,1,1,1,13,0,1,1,1,1,0
s569,u131,4,0,1,1,1,0,1,1,4,0,1,1,1,0,0
s570,u171,4,1,1,1,0,0,1,1,8,1,1,1,0,0,0
s571,u199,5,0,1,3,0,0,3,1,10,0,1,1,0,0,0
s572,u243,4,0,1,2,0,0,2,1,7,0,1,1,0,0,0
s573,u201,3,0,0,2,0,0,2,0,9,0,0,1,0,0,0
s574,u100,2,0,0,1,0,0,1,0,5,0,0,1,0,0,0
s575,u173,2,0,0,1,0,0,1,0,2,0,0,1,0,0,0
s576,u117,9,1,1,3,3,0,3,1,22,1,1,1,1,0,0
s577,u030,4,0,0,3,0,0,3,0,12,0,0,1,0,0,0
s578,u055,7,0,1,3,1,1,3,1,11,0,1,1,1,1,1
s579,u158,7,1,1,2,1,1,2,1,16,1,1,1,1,1,1
s580,u151,10,0,0,4,4,1,4,0,20,0,0,1,1,1,1
s581,u031,8,0,1,3,3,0,3,1,21,0,1,1,1,0,0
s582,u236,4,0,0,1,1,1,1,0,5,0,0,1,1,1,1
s583,u120,4,0,0,1,1,1,1,0,9,0,0,1,1,1,1
s584,u101,5,0,1,2,1,0,2,1,10,0,1,1,1,0,0
s585,u179,7,0,1,2,2,1,2,1,18,0,1,1,1,1,1
s586,u139,6,1,0,2,1,1,2,0,14,1,0,1,1,1,1
s587,u089,5,0,1,3,0,0,3,1,11,0,1,1,0,0,0
s588,u034,4,0,0,2,1,0,2,0,9,0,0,1,1,0,0
s589,u253,7,1,1,2,1,1,2,1,17,1,1,1,1,1,1
s590,u236,3,0,1,1,0,0,1,1,6,0,1,1,0,0,0
s591,u050,9,1,1,3,3,0,3,1,20,1,1,1,1,0,0
s592,u118,3,0,0,2,0,0,2,0,6,0,0,1,0,0,0
s593,u100,7,0,1,2,2,1,2,1,16,0,1,1,1,1,1
s594,u265,8,1,1,2,2,1,2,1,22,1,1,1,1,1,1
s595,u268,5,0,1,3,0,0,3,1,9,0,1,1,0,0,0
s596,u073,5,0,1,3,0,0,3,1,10,0,1,1,0,0,0
s597,u222,5,1,0,3,0,0,3,0,12,1,0,1,0,0,0
s598,u135,6,1,1,1,1,1,1,1,11,1,1,1,1,1,1
s599,u026,4,0,0,3,0,0,3,0,7,0,0,1,0,0,0
s600,u014,6,1,1,3,0,0,3,1,12,1,1,1,0,0,0
s601,u159,4,0,1,1,1,0,1,1,6,0,1,1,1,0,0
s602,u263,5,0,1,1,1,1,1,1,11,0,1,1,1,1,1
s603,u285,3,1,1,0,0,0,0,1,4,1,1,0,0,0,0
s604,u027,7,1,1,3,1,0,3,1,12,1,1,1,1,0,0
s605,u120,2,0,1,0,0,0,0,1,2,0,1,0,0,0,0
s606,u280,3,0,0,2,0,0,2,0,6,0,0,1,0,0,0
s607,u025,11,1,1,4,3,1,4,1,21,1,1,1,1,1,1
s608,u070,6,0,0,3,2,0,3,0,15,0,0,1,1,0,0
s609,u042,6,1,1,2,1,0,2,1,10,1,1,1,1,0,0
s610,u288,3,0,0,1,1,0,1,0,6,0,0,1,1,0,0
s611,u190,6,0,1,3,1,0,3,1,12,0,1,1,1,0,0
s612,u014,8,1,0,3,2,1,3,0,19,1,0,1,1,1,1
s613,u030,2,0,0,1,0,0,1,0,5,0,0,1,0,0,0
s614,u298,8,0,1,3,2,1,3,1,17,0,1,1,1,1,1
s615,u084,3,1,1,0,0,0,0,1,5,1,1,0,0,0,0
s616,u049,5,1,1,2,0,0,2,1,7,1,1,1,0,0,0
s617,u072,4,1,0,2,0,0,2,0,10,1,0,1,0,0,0
s618,u280,8,0,1,3,3,0,3,1,20,0,1,1,1,0,0
s619,u004,13,1,1,5,4,1,5,1,21,1,1,1,1,1,1
s620,u099,6,1,0,2,1,1,2,0,11,1,0,1,1,1,0
s621,u095,8,1,1,2,2,1,2,1,13,1,1,1,1,1,1
s622,u251,5,1,1,2,0,0,2,1,9,1,1,1,0,0,0
s623,u184,6,1,1,3,0,0,3,1,11,1,1,1,0,0,0
s624,u125,8,1,1,3,1,1,3,1,17,1,1,1,1,1,1
s625,u256,8,1,1,3,1,1,3,1,22,1,1,1,1,1,0
s626,u236,3,0,0,2,0,0,2,0,7,0,0,1,0,0,0
s627,u293,10,1,1,3,3,1,3,1,24,1,1,1,1,1,1
s628,u131,3,0,0,2,0,0,2,0,5,0,0,1,0,0,0
s629,u042,8,1,1,3,1,1,3,1,17,1,1,1,1,1,1
s630,u285,1,0,0,0,0,0,0,0,0,0,0,0,0,0,0
s631,u021,4,0,0,3,0,0,3,0,10,0,0,1,0,0,0
s632,u055,5,1,0,3,0,0,3,0,11,1,0,1,0,0,0
s633,u289,9,1,1,4,1,1,4,1,20,1,1,1,1,1,1
s634,u174,4,1,1,1,0,0,1,1,7,1,1,1,0,0,0
s635,u053,5,0,1,1,1,1,1,1,11,0,1,1,1,1,1
s636,u231,7,1,0,3,2,0,3,0,21,1,0,1,1,0,0
s637,u203,5,0,1,1,1,1,1,1,9,0,1,1,1,1,1
s638,u181,2,0,1,0,0,0,0,1,2,0,1,0,0,0,0
s639,u102,2,0,1,0,0,0,0,1,3,0,1,0,0,0,0
s640,u241,4,1,1,1,0,0,1,1,7,1,1,1,0,0,0
s641,u131,6,1,1,1,1,1,1,1,11,1,1,1,1,1,1
s642,u075,8,1,0,3,2,1,3,0,18,1,0,1,1,1,0
s643,u212,7,0,0,3,3,0,3,0,14,0,0,1,1,0,0
s644,u242,4,1,0,2,0,0,2,0,9,1,0,1,0,0,0
s645,u045,10,1,1,3,3,1,3,1,25,1,1,1,1,1,1
s646,u109,7,0,0,3,3,0,3,0,17,0,0,1,1,0,0
s647,u292,6,1,0,2,1,1,2,0,15,1,0,1,1,1,0
s648,u039,5,0,1,3,0,0,3,1,9,0,1,1,0,0,0
s649,u212,5,1,1,2,0,0,2,1,10,1,1,1,0,0,0
s650,u204,4,0,0,3,0,0,3,0,9,0,0,1,0,0,0
s651,u300,8,1,1,3,2,0,3,1,15,1,1,1,1,0,0
s652,u266,4,0,1,2,0,0,2,1,8,0,1,1,0,0,0
s653,u178,7,0,1,2,2,1,2,1,15,0,1,1,1,1,0
s654,u223,9,1,1,4,1,1,4,1,25,1,1,1,1,1,1
s655,u271,11,1,1,4,3,1,4,1,27,1,1,1,1,1,1
s656,u122,2,0,1,0,0,0,0,1,1,0,1,0,0,0,0
s657,u125,6,1,1,2,1,0,2,1,17,1,1,1,1,0,0
s658,u274,7,1,0,3,2,0,3,0,12,1,0,1,1,0,0
s659,u032,3,1,1,0,0,0,0,1,4,1,1,0,0,0,0
s660,u160,12,1,1,4,4,1,4,1,25,1,1,1,1,1,1
s661,u190,10,1,1,3,3,1,3,1,19,1,1,1,1,1,1
s662,u198,6,0,1,2,1,1,2,1,11,0,1,1,1,1,0
s663,u242,3,1,0,1,0,0,1,0,4,1,0,1,0,0,0
s664,u113,6,0,0,2,2,1,2,0,9,0,0,1,1,1,1
s665,u130,13,1,1,5,4,1,5,1,31,1,1,1,1,1,1
s666,u079,4,1,0,1,1,0,1,0,6,1,0,1,1,0,0
s667,u195,10,1,1,4,2,1,4,1,23,1,1,1,1,1,1
s668,u202,5,1,0,2,1,0,2,0,8,1,0,1,1,0,0
s669,u137,1,0,0,0,0,0,0,0,0,0,0,0,0,0,0
s670,u120,2,0,1,0,0,0,0,1,2,0,1,0,0,0,0
s671,u072,5,0,0,2,2,0,2,0,12,0,0,1,1,0,0
s672,u148,2,0,0,1,0,0,1,0,1,0,0,1,0,0,0
s673,u290,1,0,0,0,0,0,0,0,0,0,0,0,0,0,0
s674,u134,5,0,1,3,0,0,3,1,14,0,1,1,0,0,0
s675,u096,6,0,0,2,2,1,2,0,15,0,0,1,1,1,0
s676,u282,6,1,0,2,1,1,2,0,13,1,0,1,1,1,1
s677,u142,2,0,1,0,0,0,0,1,3,0,1,0,0,0,0
s678,u085,4,0,0,2,1,0,2,0,11,0,0,1,1,0,0
s679,u115,3,0,0,2,0,0,2,0,6,0,0,1,0,0,0
s680,u261,1,0,0,0,0,0,0,0,0,0,0,0,0,0,0
s681,u087,4,1,1,1,0,0,1,1,8,1,1,1,0,0,0
s682,u094,2,0,1,0,0,0,0,1,2,0,1,0,0,0,0
s683,u170,6,0,0,3,1,1,3,0,19,0,0,1,1,1,0
s684,u186,4,0,0,1,1,1,1,0,13,0,0,1,1,1,0
s685,u250,5,1,0,3,0,0,3,0,10,1,0,1,0,0,0
s686,u059,9,1,1,3,2,1,3,1,18,1,1,1,1,1,1
s687,u042,4,1,1,1,0,0,1,1,9,1,1,1,0,0,0
s688,u020,6,1,1,1,1,1,1,1,14,1,1,1,1,1,1
s689,u173,2,0,0,1,0,0,1,0,3,0,0,1,0,0,0
s690,u010,3,0,0,2,0,0,2,0,7,0,0,1,0,0,0
s691,u029,5,0,1,3,0,0,3,1,9,0,1,1,0,0,0
s692,u198,4,0,1,2,0,0,2,1,9,0,1,1,0,0,0
s693,u189,3,0,0,2,0,0,2,0,4,0,0,1,0,0,0
s694,u184,6,1,1,3,0,0,3,1,11,1,1,1,0,0,0
s695,u029,12,1,1,5,3,1,5,1,28,1,1,1,1,1,1
s696,u110,6,0,1,2,1,1,2,1,14,0,1,1,1,1,1
s697,u258,4,1,0,1,1,0,1,0,5,1,0,1,1,0,0
s698,u135,5,0,1,1,1,1,1,1,10,0,1,1,1,1,1
s699,u037,5,0,1,1,1,1,1,1,11,0,1,1,1,1,1
s700,u138,7,1,1,2,2,0,2,1,17,1,1,1,1,0,0
s701,u022,2,0,0,1,0,0,1,0,1,0,0,1,0,0,0
s702,u053,5,1,0,3,0,0,3,0,11,1,0,1,0,0,0
s703,u016,4,0,1,2,0,0,2,1,6,0,1,1,0,0,0
s704,u008,5,1,0,3,0,0,3,0,11,1,0,1,0,0,0
s705,u033,5,0,1,3,0,0,3,1,7,0,1,1,0,0,0
s706,u125,6,1,1,1,1,1,1,1,15,1,1,1,1,1,1
s707,u090,5,0,1,3,0,0,3,1,7,0,1,1,0,0,0
s708,u047,1,0,0,0,0,0,0,0,0,0,0,0,0,0,0
s709,u032,2,0,1,0,0,0,0,1,2,0,1,0,0,0,0
s710,u131,12,1,1,4,4,1,4,1,27,1,1,1,1,1,1
s711,u249,6,1,0,2,2,0,2,0,12,1,0,1,1,0,0
s712,u091,2,1,0,0,0,0,0,0,2,1,0,0,0,0,0
s713,u099,1,0,0,0,0,0,0,0,0,0,0,0,0,0,0
s714,u174,4,0,1,2,0,0,2,1,7,0,1,1,0,0,0
s715,u147,4,0,1,2,0,0,2,1,7,0,1,1,0,0,0
s716,u295,10,1,1,5,1,1,5,1,25,1,1,1,1,1,1
s717,u215,10,1,1,3,3,1,3,1,20,1,1,1,1,1,1
s718,u099,5,1,1,2,0,0,2,1,12,1,1,1,0,0,0
s719,u001,5,0,0,2,2,0,2,0,10,0,0,1,1,0,0
s720,u212,4,0,1,2,0,0,2,1,8,0,1,1,0,0,0
s721,u196,5,1,0,3,0,0,3,0,7,1,0,1,0,0,0
s722,u151,1,0,0,0,0,0,0,0,0,0,0,0,0,0,0
s723,u093,2,1,0,0,0,0,0,0,1,1,0,0,0,0,0
s724,u187,5,1,1,2,0,0,2,1,11,1,1,1,0,0,0
s725,u123,7,1,0,3,1,1,3,0,15,1,0,1,1,1,1
s726,u285,4,1,0,1,1,0,1,0,7,1,0,1,1,0,0
s727,u199,10,1,0,5,2,1,5,0,15,1,0,1,1,1,1
s728,u187,6,0,1,3,1,0,3,1,13,0,1,1,1,0,0
s729,u163,4,0,0,1,1,1,1,0,8,0,0,1,1,1,0
s730,u273,3,0,1,1,0,0,1,1,3,0,1,1,0,0,0
s731,u191,4,1,0,2,0,0,2,0,5,1,0,1,0,0,0
s732,u068,10,1,1,3,3,1,3,1,15,1,1,1,1,1,0
s733,u283,3,0,0,2,0,0,2,0,9,0,0,1,0,0,0
s734,u017,4,0,0,1,1,1,1,0,10,0,0,1,1,1,0
s735,u148,5,0,1,1,1,1,1,1,9,0,1,1,1,1,1
s736,u124,6,1,0,2,2,0,2,0,9,1,0,1,1,0,0
s737,u266,2,0,1,0,0,0,0,1,1,0,1,0,0,0,0
s738,u058,6,1,0,2,2,0,2,0,17,1,0,1,1,0,0
s739,u295,5,1,1,1,1,0,1,1,7,1,1,1,1,0,0
s740,u232,5,0,1,1,1,1,1,1,12,0,1,1,1,1,0
s741,u173,7,0,0,3,3,0,3,0,18,0,0,1,1,0,0
s742,u016,7,0,1,3,1,1,3,1,16,0,1,1,1,1,1
s743,u091,5,0,1,3,0,0,3,1,10,0,1,1,0,0,0
s744,u100,9,0,0,5,2,1,5,0,22,0,0,1,1,1,1
s745,u123,1,0,0,0,0,0,0,0,0,0,0,0,0,0,0
s746,u134,4,1,1,1,0,0,1,1,7,1,1,1,0,0,0
s747,u221,4,1,1,1,0,0,1,1,6,1,1,1,0,0,0
s748,u280,7,0,1,3,2,0,3,1,24,0,1,1,1,0,0
s749,u011,3,0,0,2,0,0,2,0,9,0,0,1,0,0,0
s750,u019,4,0,1,2,0,0,2,1,8,0,1,1,0,0,0
s751,u196,9,1,1,3,3,0,3,1,17,1,1,1,1,0,0
s752,u193,6,0,0,3,2,0,3,0,20,0,0,1,1,0,0
s753,u241,13,1,1,5,4,1,5,1,28,1,1,1,1,1,1
s754,u139,9,0,1,5,1,1,5,1,23,0,1,1,1,1,1
s755,u280,6,1,1,3,0,0,3,1,12,1,1,1,0,0,0
s756,u034,4,0,1,2,0,0,2,1,10,0,1,1,0,0,0
s757,u262,5,1,0,3,0,0,3,0,11,1,0,1,0,0,0
s758,u289,2,0,1,0,0,0,0,1,3,0,1,0,0,0,0
s759,u143,5,0,1,3,0,0,3,1,10,0,1,1,0,0,0
s760,u170,6,1,1,1,1,1,1,1,15,1,1,1,1,1,0
s761,u229,7,0,1,2,2,1,2,1,16,0,1,1,1,1,1
s762,u094,4,1,0,2,0,0,2,0,7,1,0,1,0,0,0
s763,u002,3,0,1,1,0,0,1,1,4,0,1,1,0,0,0
s764,u217,11,0,1,4,4,1,4,1,22,0,1,1,1,1,1
s765,u025,10,0,0,4,4,1,4,0,20,0,0,1,1,1,1
s766,u196,5,1,0,2,1,0,2,0,9,1,0,1,1,0,0
s767,u040,12,0,1,5,4,1,5,1,25,0,1,1,1,1,1
s768,u109,6,1,1,3,0,0,3,1,12,1,1,1,0,0,0
s769,u166,4,1,0,2,0,0,2,0,12,1,0,1,0,0,0
s770,u134,4,0,1,1,1,0,1,1,10,0,1,1,1,0,0
s771,u140,2,0,0,1,0,0,1,0,3,0,0,1,0,0,0
s772,u216,10,1,1,3,3,1,3,1,23,1,1,1,1,1,0
s773,u044,5,0,1,1,1,1,1,1,16,0,1,1,1,1,0
s774,u184,2,1,0,0,0,0,0,0,1,1,0,0,0,0,0
s775,u030,4,1,0,1,1,0,1,0,5,1,0,1,1,0,0
s776,u299,4,0,0,2,1,0,2,0,7,0,0,1,1,0,0
s777,u095,9,1,0,4,2,1,4,0,21,1,0,1,1,1,1
s778,u156,5,0,1,3,0,0,3,1,12,0,1,1,0,0,0
s779,u276,4,0,1,2,0,0,2,1,7,0,1,1,0,0,0
s780,u082,6,0,0,3,2,0,3,0,13,0,0,1,1,0,0
s781,u030,9,1,1,3,2,1,3,1,22,1,1,1,1,1,1
s782,u114,9,1,1,4,1,1,4,1,16,1,1,1,1,1,1
s783,u293,10,1,1,3,3,1,3,1,23,1,1,1,1,1,1
s784,u233,11,1,1,5,2,1,5,1,25,1,1,1,1,1,1
s785,u151,4,0,1,2,0,0,2,1,8,0,1,1,0,0,0
s786,u294,7,0,0,4,1,1,4,0,16,0,0,1,1,1,1
s787,u170,4,0,1,1,1,0,1,1,7,0,1,1,1,0,0
s788,u094,7,0,1,2,2,1,2,1,17,0,1,1,1,1,1
s789,u288,3,0,1,1,0,0,1,1,6,0,1,1,0,0,0
s790,u036,4,1,1,1,0,0,1,1,7,1,1,1,0,0,0
s791,u272,9,1,0,5,1,1,5,0,20,1,0,1,1,1,1
s792,u212,4,1,0,1,1,0,1,0,6,1,0,1,1,0,0
s793,u104,10,1,1,5,1,1,5,1,27,1,1,1,1,1,1
s794,u054,12,1,1,5,3,1,5,1,30,1,1,1,1,1,1
s795,u217,6,0,1,3,1,0,3,1,7,0,1,1,1,0,0
s796,u192,5,0,1,1,1,1,1,1,6,0,1,1,1,1,1
s797,u130,3,1,0,1,0,0,1,0,7,1,0,1,0,0,0
s798,u117,9,1,0,5,1,1,5,0,23,1,0,1,1,1,1
s799,u169,5,1,1,2,0,0,2,1,9,1,1,1,0,0,0
s800,u198,2,1,0,0,0,0,0,0,3,1,0,0,0,0,0
s801,u038,1,0,0,0,0,0,0,0,0,0,0,0,0,0,0
s802,u087,12,1,0,5,4,1,5,0,26,1,0,1,1,1,1
s803,u037,5,0,1,3,0,0,3,1,5,0,1,1,0,0,0
s804,u140,7,1,0,2,2,1,2,0,19,1,0,1,1,1,0
s805,u275,2,1,0,0,0,0,0,0,3,1,0,0,0,0,0
s806,u224,3,1,0,1,0,0,1,0,6,1,0,1,0,0,0
s807,u137,2,0,0,1,0,0,1,0,4,0,0,1,0,0,0
s808,u225,10,0,1,5,2,1,5,1,20,0,1,1,1,1,1
s809,u017,2,0,0,1,0,0,1,0,4,0,0,1,0,0,0
s810,u227,6,0,0,3,2,0,3,0,14,0,0,1,1,0,0
s811,u178,8,1,1,3,2,0,3,1,18,1,1,1,1,0,0
s812,u263,4,0,1,2,0,0,2,1,4,0,1,1,0,0,0
s813,u017,3,0,1,1,0,0,1,1,5,0,1,1,0,0,0
s814,u199,10,1,1,5,1,1,5,1,26,1,1,1,1,1,1
s815,u155,6,1,1,2,1,0,2,1,13,1,1,1,1,0,0
s816,u255,7,0,1,2,2,1,2,1,18,0,1,1,1,1,1
s817,u037,3,1,0,1,0,0,1,0,5,1,0,1,0,0,0
s818,u068,8,0,1,3,3,0,3,1,20,0,1,1,1,0,0
s819,u227,3,0,0,1,1,0,1,0,3,0,0,1,1,0,0
s820,u012,6,1,1,1,1,1,1,1,8,1,1,1,1,1,1
s821,u230,10,1,0,4,3,1,4,0,25,1,0,1,1,1,1
s822,u252,2,0,1,0,0,0,0,1,1,0,1,0,0,0,0
s823,u044,1,0,0,0,0,0,0,0,0,0,0,0,0,0,0
s824,u266,2,0,0,1,0,0,1,0,1,0,0,1,0,0,0
s825,u194,5,0,1,1,1,1,1,1,12,0,1,1,1,1,1
s826,u250,4,0,0,3,0,0,3,0,11,0,0,1,0,0,0
s827,u121,3,0,0,2,0,0,2,0,2,0,0,1,0,0,0
s828,u035,8,1,1,2,2,1,2,1,11,1,1,1,1,1,1
s829,u291,4,0,1,2,0,0,2,1,9,0,1,1,0,0,0
s830,u086,4,1,0,2,0,0,2,0,8,1,0,1,0,0,0
s831,u044,3,0,0,2,0,0,2,0,9,0,0,1,0,0,0
s832,u296,2,0,1,0,0,0,0,1,2,0,1,0,0,0,0
s833,u001,5,1,0,1,1,1,1,0,10,1,0,1,1,1,0
s834,u196,4,0,0,2,1,0,2,0,7,0,0,1,1,0,0
s835,u194,5,1,1,2,0,0,2,1,11,1,1,1,0,0,0
s836,u056,1,0,0,0,0,0,0,0,0,0,0,0,0,0,0
s837,u194,6,0,0,2,2,1,2,0,16,0,0,1,1,1,0
s838,u078,2,0,1,0,0,0,0,1,1,0,1,0,0,0,0
s839,u164,4,1,1,1,0,0,1,1,11,1,1,1,0,0,0
s840,u218,7,0,1,3,2,0,3,1,17,0,1,1,1,0,0
s841,u288,5,1,0,1,1,1,1,0,13,1,0,1,1,1,0
s842,u209,4,1,1,1,0,0,1,1,7,1,1,1,0,0,0
s843,u034,11,1,1,4,3,1,4,1,28,1,1,1,1,1,1
s844,u157,7,0,1,2,2,1,2,1,10,0,1,1,1,1,1
s845,u088,8,1,1,2,2,1,2,1,21,1,1,1,1,1,1
s846,u053,10,1,1,3,3,1,3,1,22,1,1,1,1,1,1
s847,u253,5,1,1,2,0,0,2,1,10,1,1,1,0,0,0
s848,u111,3,0,0,1,1,0,1,0,6,0,0,1,1,0,0
s849,u165,9,0,0,4,3,1,4,0,26,0,0,1,1,1,1
s850,u106,5,0,0,2,2,0,2,0,8,0,0,1,1,0,0
s851,u252,4,0,1,2,0,0,2,1,7,0,1,1,0,0,0
s852,u230,6,1,1,1,1,1,1,1,11,1,1,1,1,1,1
s853,u223,4,0,0,3,0,0,3,0,8,0,0,1,0,0,0
s854,u258,4,0,1,2,0,0,2,1,10,0,1,1,0,0,0
s855,u218,6,1,0,2,2,0,2,0,17,1,0,1,1,0,0
s856,u178,2,0,1,0,0,0,0,1,2,0,1,0,0,0,0
s857,u074,6,0,1,2,2,0,2,1,12,0,1,1,1,0,0
s858,u069,2,0,0,1,0,0,1,0,4,0,0,1,0,0,0
s859,u147,5,0,1,1,1,1,1,1,13,0,1,1,1,1,1
s860,u088,1,0,0,0,0,0,0,0,0,0,0,0,0,0,0
s861,u125,5,1,0,1,1,1,1,0,13,1,0,1,1,1,0
s862,u211,4,0,1,1,1,0,1,1,12,0,1,1,1,0,0
s863,u043,4,0,1,1,1,0,1,1,9,0,1,1,1,0,0
s864,u048,3,0,1,1,0,0,1,1,7,0,1,1,0,0,0
s865,u255,6,0,0,2,2,1,2,0,13,0,0,1,1,1,0
s866,u209,3,0,0,1,1,0,1,0,5,0,0,1,1,0,0
s867,u112,8,1,1,2,2,1,2,1,21,1,1,1,1,1,1
s868,u294,4,0,1,1,1,0,1,1,7,0,1,1,1,0,0
s869,u252,9,0,1,4,2,1,4,1,21,0,1,1,1,1,1
s870,u290,6,0,1,2,2,0,2,1,15,0,1,1,1,0,0
s871,u239,1,0,0,0,0,0,0,0,0,0,0,0,0,0,0
s872,u175,5,0,1,3,0,0,3,1,10,0,1,1,0,0,0
s873,u163,4,1,0,1,1,0,1,0,7,1,0,1,1,0,0
s874,u133,6,1,1,3,0,0,3,1,16,1,1,1,0,0,0
s875,u065,3,0,1,1,0,0,1,1,3,0,1,1,0,0,0
s876,u147,2,1,0,0,0,0,0,0,1,1,0,0,0,0,0
s877,u107,5,1,0,3,0,0,3,0,11,1,0,1,0,0,0
s878,u242,4,0,1,2,0,0,2,1,10,0,1,1,0,0,0
s879,u062,4,0,0,3,0,0,3,0,8,0,0,1,0,0,0
s880,u055,7,1,0,2,2,1,2,0,22,1,0,1,1,1,0
s881,u233,9,1,1,3,2,1,3,1,18,1,1,1,1,1,0
s882,u257,2,0,0,1,0,0,1,0,1,0,0,1,0,0,0
s883,u092,8,1,0,4,1,1,4,0,20,1,0,1,1,1,1
s884,u206,6,0,1,2,2,0,2,1,11,0,1,1,1,0,0
s885,u168,2,1,0,0,0,0,0,0,3,1,0,0,0,0,0
s886,u297,6,0,0,3,2,0,3,0,9,0,0,1,1,0,0
s887,u242,3,0,1,1,0,0,1,1,5,0,1,1,0,0,0
s888,u031,5,1,0,1,1,1,1,0,10,1,0,1,1,1,0
s889,u141,5,1,0,3,0,0,3,0,9,1,0,1,0,0,0
s890,u132,6,0,0,3,2,0,3,0,14,0,0,1,1,0,0
s891,u283,2,0,1,0,0,0,0,1,2,0,1,0,0,0,0
s892,u197,3,0,1,1,0,0,1,1,7,0,1,1,0,0,0
s893,u150,6,0,1,3,1,0,3,1,10,0,1,1,1,0,0
s894,u035,5,1,0,2,1,0,2,0,15,1,0,1,1,0,0
s895,u144,6,1,0,3,1,0,3,0,7,1,0,1,1,0,0
s896,u053,1,0,0,0,0,0,0,0,0,0,0,0,0,0,0
s897,u176,5,0,1,3,0,0,3,1,8,0,1,1,0,0,0
s898,u088,5,0,0,2,1,1,2,0,12,0,0,1,1,1,0
s899,u294,3,0,0,1,1,0,1,0,5,0,0,1,1,0,0
s900,u144,8,0,0,5,1,1,5,0,19,0,0,1,1,1,1
s901,u249,8,0,1,3,3,0,3,1,16,0,1,1,1,0,0
s902,u275,6,0,0,2,2,1,2,0,13,0,0,1,1,1,1
s903,u296,3,1,1,0,0,0,0,1,4,1,1,0,0,0,0
s904,u117,2,0,1,0,0,0,0,1,3,0,1,0,0,0,0
s905,u109,5,1,0,3,0,0,3,0,13,1,0,1,0,0,0
s906,u011,6,1,1,3,0,0,3,1,17,1,1,1,0,0,0
s907,u152,6,0,0,3,2,0,3,0,13,0,0,1,1,0,0
s908,u011,6,1,1,3,0,0,3,1,11,1,1,1,0,0,0
s909,u088,2,0,0,1,0,0,1,0,4,0,0,1,0,0,0
s910,u101,4,1,0,2,0,0,2,0,10,1,0,1,0,0,0
s911,u256,8,1,1,2,2,1,2,1,19,1,1,1,1,1,0
s912,u268,9,1,0,5,1,1,5,0,19,1,0,1,1,1,1
s913,u003,3,0,0,2,0,0,2,0,4,0,0,1,0,0,0
s914,u260,7,0,1,2,2,1,2,1,16,0,1,1,1,1,1
s915,u055,4,0,0,3,0,0,3,0,10,0,0,1,0,0,0
s916,u050,7,0,0,3,2,1,3,0,24,0,0,1,1,1,0
s917,u124,6,0,1,2,1,1,2,1,8,0,1,1,1,1,0
s918,u218,4,1,0,1,1,0,1,0,5,1,0,1,1,0,0
s919,u089,5,1,0,3,0,0,3,0,12,1,0,1,0,0,0
s920,u296,3,0,0,2,0,0,2,0,9,0,0,1,0,0,0
s921,u213,7,1,0,3,2,0,3,0,19,1,0,1,1,0,0
s922,u285,4,0,1,1,1,0,1,1,9,0,1,1,1,0,0
s923,u142,3,0,0,2,0,0,2,0,6,0,0,1,0,0,0
s924,u081,6,0,1,2,1,1,2,1,12,0,1,1,1,1,0
s925,u268,8,1,1,3,1,1,3,1,19,1,1,1,1,1,1
s926,u049,3,0,1,1,0,0,1,1,6,0,1,1,0,0,0
s927,u204,4,1,0,1,1,0,1,0,9,1,0,1,1,0,0
s928,u259,9,0,1,3,3,1,3,1,21,0,1,1,1,1,1
s929,u208,5,1,1,2,0,0,2,1,8,1,1,1,0,0,0
s930,u063,1,0,0,0,0,0,0,0,0,0,0,0,0,0,0
s931,u127,5,1,1,1,1,0,1,1,6,1,1,1,1,0,0
s932,u025,6,0,0,3,2,0,3,0,9,0,0,1,1,0,0
s933,u085,10,0,0,5,3,1,5,0,23,0,0,1,1,1,1
s934,u255,8,1,1,2,2,1,2,1,14,1,1,1,1,1,1
s935,u182,3,0,1,1,0,0,1,1,5,0,1,1,0,0,0
s936,u212,12,1,1,5,3,1,5,1,29,1,1,1,1,1,1
s937,u163,3,0,0,1,1,0,1,0,5,0,0,1,1,0,0
s938,u238,5,1,0,1,1,1,1,0,12,1,0,1,1,1,1
s939,u222,11,1,1,5,2,1,5,1,27,1,1,1,1,1,1
s940,u283,5,0,1,3,0,0,3,1,13,0,1,1,0,0,0
s941,u112,7,0,1,3,2,0,3,1,16,0,1,1,1,0,0
s942,u131,4,0,1,1,1,0,1,1,7,0,1,1,1,0,0
s943,u055,3,0,0,2,0,0,2,0,3,0,0,1,0,0,0
s944,u013,10,0,1,4,3,1,4,1,24,0,1,1,1,1,1
s945,u141,6,1,1,3,0,0,3,1,12,1,1,1,0,0,0
s946,u018,6,1,0,2,2,0,2,0,15,1,0,1,1,0,0
s947,u185,7,0,1,2,2,1,2,1,16,0,1,1,1,1,1
s948,u143,2,0,0,1,0,0,1,0,3,0,0,1,0,0,0
s949,u002,3,1,1,0,0,0,0,1,6,1,1,0,0,0,0
s950,u173,8,1,1,3,1,1,3,1,21,1,1,1,1,1,1
s951,u269,1,0,0,0,0,0,0,0,0,0,0,0,0,0,0
s952,u048,5,0,1,2,1,0,2,1,12,0,1,1,1,0,0
s953,u287,6,1,1,3,0,0,3,1,16,1,1,1,0,0,0
s954,u062,6,1,1,3,0,0,3,1,13,1,1,1,0,0,0
s955,u074,1,0,0,0,0,0,0,0,0,0,0,0,0,0,0
s956,u068,3,0,0,2,0,0,2,0,10,0,0,1,0,0,0
s957,u060,5,1,0,1,1,1,1,0,11,1,0,1,1,1,0
s958,u157,6,0,1,2,2,0,2,1,14,0,1,1,1,0,0
s959,u292,11,1,1,4,3,1,4,1,19,1,1,1,1,1,1
s960,u250,4,1,1,1,0,0,1,1,9,1,1,1,0,0,0
s961,u156,9,0,1,5,1,1,5,1,22,0,1,1,1,1,1
s962,u146,10,0,1,4,3,1,4,1,22,0,1,1,1,1,1
s963,u241,12,1,1,4,4,1,4,1,28,1,1,1,1,1,1
s964,u029,4,0,1,1,1,0,1,1,7,0,1,1,1,0,0
s965,u262,9,0,1,5,1,1,5,1,17,0,1,1,1,1,1
s966,u007,2,1,0,0,0,0,0,0,2,1,0,0,0,0,0
s967,u155,8,0,1,3,2,1,3,1,17,0,1,1,1,1,1
s968,u181,5,0,1,2,1,0,2,1,6,0,1,1,1,0,0
s969,u106,7,1,1,2,2,0,2,1,19,1,1,1,1,0,0
s970,u283,11,1,1,4,3,1,4,1,26,1,1,1,1,1,1
s971,u026,4,1,1,1,0,0,1,1,7,1,1,1,0,0,0
s972,u167,3,1,0,1,0,0,1,0,4,1,0,1,0,0,0
s973,u028,4,1,1,1,0,0,1,1,7,1,1,1,0,0,0
s974,u199,1,0,0,0,0,0,0,0,0,0,0,0,0,0,0
s975,u155,4,0,1,1,1,0,1,1,7,0,1,1,1,0,0
s976,u263,2,0,1,0,0,0,0,1,2,0,1,0,0,0,0
s977,u167,6,1,1,1,1,1,1,1,15,1,1,1,1,1,1
s978,u252,4,1,1,1,0,0,1,1,7,1,1,1,0,0,0
s979,u181,2,0,0,1,0,0,1,0,4,0,0,1,0,0,0
s980,u248,6,1,0,2,1,1,2,0,12,1,0,1,1,1,1
s981,u152,8,1,0,3,2,1,3,0,22,1,0,1,1,1,1
s982,u088,7,1,1,2,1,1,2,1,15,1,1,1,1,1,1
s983,u063,8,1,1,3,1,1,3,1,14,1,1,1,1,1,1
s984,u132,2,1,0,0,0,0,0,0,2,1,0,0,0,0,0
s985,u209,5,0,1,1,1,1,1,1,11,0,1,1,1,1,1
s986,u126,5,0,1,3,0,0,3,1,13,0,1,1,0,0,0
s987,u060,4,0,1,2,0,0,2,1,7,0,1,1,0,0,0
s988,u132,7,1,0,3,2,0,3,0,10,1,0,1,1,0,0
s989,u072,5,1,0,1,1,1,1,0,9,1,0,1,1,1,1
s990,u015,7,1,0,2,2,1,2,0,17,1,0,1,1,1,1
s991,u097,5,1,1,2,0,0,2,1,12,1,1,1,0,0,0
s992,u228,4,0,0,1,1,1,1,0,8,0,0,1,1,1,1
s993,u260,6,1,1,1,1,1,1,1,12,1,1,1,1,1,0
s994,u149,8,0,0,3,3,1,3,0,19,0,0,1,1,1,1
s995,u080,10,0,0,5,3,1,5,0,22,0,0,1,1,1,1
s996,u219,4,1,0,2,0,0,2,0,9,1,0,1,0,0,0
s997,u158,2,1,0,0,0,0,0,0,1,1,0,0,0,0,0
s998,u240,5,0,1,1,1,1,1,1,9,0,1,1,1,1,0
s999,u173,4,0,0,1,1,1,1,0,10,0,0,1,1,1,0
